geometry,file
"BoundingBox(left=-13144966.0, bottom=4523115.0, right=-13131466.0, top=4536615.0)",gridcell_267
"BoundingBox(left=-13131466.0, bottom=4523115.0, right=-13117966.0, top=4536615.0)",gridcell_268
"BoundingBox(left=-13117966.0, bottom=4523115.0, right=-13104466.0, top=4536615.0)",gridcell_269
"BoundingBox(left=-13104466.0, bottom=4523115.0, right=-13090966.0, top=4536615.0)",gridcell_270
"BoundingBox(left=-13090966.0, bottom=4523115.0, right=-13077466.0, top=4536615.0)",gridcell_271
"BoundingBox(left=-13077466.0, bottom=4523115.0, right=-13063966.0, top=4536615.0)",gridcell_272
"BoundingBox(left=-13063966.0, bottom=4523115.0, right=-13050466.0, top=4536615.0)",gridcell_273
"BoundingBox(left=-13050466.0, bottom=4523115.0, right=-13036966.0, top=4536615.0)",gridcell_274
"BoundingBox(left=-13036966.0, bottom=4523115.0, right=-13023466.0, top=4536615.0)",gridcell_275
"BoundingBox(left=-13023466.0, bottom=4523115.0, right=-13009966.0, top=4536615.0)",gridcell_276
"BoundingBox(left=-13009966.0, bottom=4523115.0, right=-12996466.0, top=4536615.0)",gridcell_277
"BoundingBox(left=-12942466.0, bottom=4523115.0, right=-12928966.0, top=4536615.0)",gridcell_282
"BoundingBox(left=-12928966.0, bottom=4523115.0, right=-12915466.0, top=4536615.0)",gridcell_283
"BoundingBox(left=-12915466.0, bottom=4523115.0, right=-12901966.0, top=4536615.0)",gridcell_284
"BoundingBox(left=-12901966.0, bottom=4523115.0, right=-12888466.0, top=4536615.0)",gridcell_285
"BoundingBox(left=-13158466.0, bottom=4509615.0, right=-13144966.0, top=4523115.0)",gridcell_318
"BoundingBox(left=-13144966.0, bottom=4509615.0, right=-13131466.0, top=4523115.0)",gridcell_319
"BoundingBox(left=-13131466.0, bottom=4509615.0, right=-13117966.0, top=4523115.0)",gridcell_320
"BoundingBox(left=-13117966.0, bottom=4509615.0, right=-13104466.0, top=4523115.0)",gridcell_321
"BoundingBox(left=-13104466.0, bottom=4509615.0, right=-13090966.0, top=4523115.0)",gridcell_322
"BoundingBox(left=-13090966.0, bottom=4509615.0, right=-13077466.0, top=4523115.0)",gridcell_323
"BoundingBox(left=-13077466.0, bottom=4509615.0, right=-13063966.0, top=4523115.0)",gridcell_324
"BoundingBox(left=-13063966.0, bottom=4509615.0, right=-13050466.0, top=4523115.0)",gridcell_325
"BoundingBox(left=-13050466.0, bottom=4509615.0, right=-13036966.0, top=4523115.0)",gridcell_326
"BoundingBox(left=-13036966.0, bottom=4509615.0, right=-13023466.0, top=4523115.0)",gridcell_327
"BoundingBox(left=-13023466.0, bottom=4509615.0, right=-13009966.0, top=4523115.0)",gridcell_328
"BoundingBox(left=-13009966.0, bottom=4509615.0, right=-12996466.0, top=4523115.0)",gridcell_329
"BoundingBox(left=-12996466.0, bottom=4509615.0, right=-12982966.0, top=4523115.0)",gridcell_330
"BoundingBox(left=-12982966.0, bottom=4509615.0, right=-12969466.0, top=4523115.0)",gridcell_331
"BoundingBox(left=-12969466.0, bottom=4509615.0, right=-12955966.0, top=4523115.0)",gridcell_332
"BoundingBox(left=-12955966.0, bottom=4509615.0, right=-12942466.0, top=4523115.0)",gridcell_333
"BoundingBox(left=-12942466.0, bottom=4509615.0, right=-12928966.0, top=4523115.0)",gridcell_334
"BoundingBox(left=-12928966.0, bottom=4509615.0, right=-12915466.0, top=4523115.0)",gridcell_335
"BoundingBox(left=-12915466.0, bottom=4509615.0, right=-12901966.0, top=4523115.0)",gridcell_336
"BoundingBox(left=-12901966.0, bottom=4509615.0, right=-12888466.0, top=4523115.0)",gridcell_337
"BoundingBox(left=-12888466.0, bottom=4509615.0, right=-12874966.0, top=4523115.0)",gridcell_338
"BoundingBox(left=-13158466.0, bottom=4496115.0, right=-13144966.0, top=4509615.0)",gridcell_370
"BoundingBox(left=-13144966.0, bottom=4496115.0, right=-13131466.0, top=4509615.0)",gridcell_371
"BoundingBox(left=-13131466.0, bottom=4496115.0, right=-13117966.0, top=4509615.0)",gridcell_372
"BoundingBox(left=-13117966.0, bottom=4496115.0, right=-13104466.0, top=4509615.0)",gridcell_373
"BoundingBox(left=-13104466.0, bottom=4496115.0, right=-13090966.0, top=4509615.0)",gridcell_374
"BoundingBox(left=-13090966.0, bottom=4496115.0, right=-13077466.0, top=4509615.0)",gridcell_375
"BoundingBox(left=-13077466.0, bottom=4496115.0, right=-13063966.0, top=4509615.0)",gridcell_376
"BoundingBox(left=-13063966.0, bottom=4496115.0, right=-13050466.0, top=4509615.0)",gridcell_377
"BoundingBox(left=-13050466.0, bottom=4496115.0, right=-13036966.0, top=4509615.0)",gridcell_378
"BoundingBox(left=-13036966.0, bottom=4496115.0, right=-13023466.0, top=4509615.0)",gridcell_379
"BoundingBox(left=-13023466.0, bottom=4496115.0, right=-13009966.0, top=4509615.0)",gridcell_380
"BoundingBox(left=-13009966.0, bottom=4496115.0, right=-12996466.0, top=4509615.0)",gridcell_381
"BoundingBox(left=-12996466.0, bottom=4496115.0, right=-12982966.0, top=4509615.0)",gridcell_382
"BoundingBox(left=-12982966.0, bottom=4496115.0, right=-12969466.0, top=4509615.0)",gridcell_383
"BoundingBox(left=-12969466.0, bottom=4496115.0, right=-12955966.0, top=4509615.0)",gridcell_384
"BoundingBox(left=-12955966.0, bottom=4496115.0, right=-12942466.0, top=4509615.0)",gridcell_385
"BoundingBox(left=-12942466.0, bottom=4496115.0, right=-12928966.0, top=4509615.0)",gridcell_386
"BoundingBox(left=-12928966.0, bottom=4496115.0, right=-12915466.0, top=4509615.0)",gridcell_387
"BoundingBox(left=-12915466.0, bottom=4496115.0, right=-12901966.0, top=4509615.0)",gridcell_388
"BoundingBox(left=-12901966.0, bottom=4496115.0, right=-12888466.0, top=4509615.0)",gridcell_389
"BoundingBox(left=-12888466.0, bottom=4496115.0, right=-12874966.0, top=4509615.0)",gridcell_390
"BoundingBox(left=-13158466.0, bottom=4482615.0, right=-13144966.0, top=4496115.0)",gridcell_422
"BoundingBox(left=-13144966.0, bottom=4482615.0, right=-13131466.0, top=4496115.0)",gridcell_423
"BoundingBox(left=-13131466.0, bottom=4482615.0, right=-13117966.0, top=4496115.0)",gridcell_424
"BoundingBox(left=-13117966.0, bottom=4482615.0, right=-13104466.0, top=4496115.0)",gridcell_425
"BoundingBox(left=-13104466.0, bottom=4482615.0, right=-13090966.0, top=4496115.0)",gridcell_426
"BoundingBox(left=-13090966.0, bottom=4482615.0, right=-13077466.0, top=4496115.0)",gridcell_427
"BoundingBox(left=-13077466.0, bottom=4482615.0, right=-13063966.0, top=4496115.0)",gridcell_428
"BoundingBox(left=-13063966.0, bottom=4482615.0, right=-13050466.0, top=4496115.0)",gridcell_429
"BoundingBox(left=-13050466.0, bottom=4482615.0, right=-13036966.0, top=4496115.0)",gridcell_430
"BoundingBox(left=-13036966.0, bottom=4482615.0, right=-13023466.0, top=4496115.0)",gridcell_431
"BoundingBox(left=-13023466.0, bottom=4482615.0, right=-13009966.0, top=4496115.0)",gridcell_432
"BoundingBox(left=-13009966.0, bottom=4482615.0, right=-12996466.0, top=4496115.0)",gridcell_433
"BoundingBox(left=-12996466.0, bottom=4482615.0, right=-12982966.0, top=4496115.0)",gridcell_434
"BoundingBox(left=-12982966.0, bottom=4482615.0, right=-12969466.0, top=4496115.0)",gridcell_435
"BoundingBox(left=-12969466.0, bottom=4482615.0, right=-12955966.0, top=4496115.0)",gridcell_436
"BoundingBox(left=-12955966.0, bottom=4482615.0, right=-12942466.0, top=4496115.0)",gridcell_437
"BoundingBox(left=-12942466.0, bottom=4482615.0, right=-12928966.0, top=4496115.0)",gridcell_438
"BoundingBox(left=-12928966.0, bottom=4482615.0, right=-12915466.0, top=4496115.0)",gridcell_439
"BoundingBox(left=-12915466.0, bottom=4482615.0, right=-12901966.0, top=4496115.0)",gridcell_440
"BoundingBox(left=-12901966.0, bottom=4482615.0, right=-12888466.0, top=4496115.0)",gridcell_441
"BoundingBox(left=-12888466.0, bottom=4482615.0, right=-12874966.0, top=4496115.0)",gridcell_442
"BoundingBox(left=-13158466.0, bottom=4469115.0, right=-13144966.0, top=4482615.0)",gridcell_474
"BoundingBox(left=-13144966.0, bottom=4469115.0, right=-13131466.0, top=4482615.0)",gridcell_475
"BoundingBox(left=-13131466.0, bottom=4469115.0, right=-13117966.0, top=4482615.0)",gridcell_476
"BoundingBox(left=-13117966.0, bottom=4469115.0, right=-13104466.0, top=4482615.0)",gridcell_477
"BoundingBox(left=-13104466.0, bottom=4469115.0, right=-13090966.0, top=4482615.0)",gridcell_478
"BoundingBox(left=-13090966.0, bottom=4469115.0, right=-13077466.0, top=4482615.0)",gridcell_479
"BoundingBox(left=-13077466.0, bottom=4469115.0, right=-13063966.0, top=4482615.0)",gridcell_480
"BoundingBox(left=-13063966.0, bottom=4469115.0, right=-13050466.0, top=4482615.0)",gridcell_481
"BoundingBox(left=-13050466.0, bottom=4469115.0, right=-13036966.0, top=4482615.0)",gridcell_482
"BoundingBox(left=-13036966.0, bottom=4469115.0, right=-13023466.0, top=4482615.0)",gridcell_483
"BoundingBox(left=-13023466.0, bottom=4469115.0, right=-13009966.0, top=4482615.0)",gridcell_484
"BoundingBox(left=-13009966.0, bottom=4469115.0, right=-12996466.0, top=4482615.0)",gridcell_485
"BoundingBox(left=-12996466.0, bottom=4469115.0, right=-12982966.0, top=4482615.0)",gridcell_486
"BoundingBox(left=-12982966.0, bottom=4469115.0, right=-12969466.0, top=4482615.0)",gridcell_487
"BoundingBox(left=-12969466.0, bottom=4469115.0, right=-12955966.0, top=4482615.0)",gridcell_488
"BoundingBox(left=-12955966.0, bottom=4469115.0, right=-12942466.0, top=4482615.0)",gridcell_489
"BoundingBox(left=-12942466.0, bottom=4469115.0, right=-12928966.0, top=4482615.0)",gridcell_490
"BoundingBox(left=-12928966.0, bottom=4469115.0, right=-12915466.0, top=4482615.0)",gridcell_491
"BoundingBox(left=-12915466.0, bottom=4469115.0, right=-12901966.0, top=4482615.0)",gridcell_492
"BoundingBox(left=-12901966.0, bottom=4469115.0, right=-12888466.0, top=4482615.0)",gridcell_493
"BoundingBox(left=-12888466.0, bottom=4469115.0, right=-12874966.0, top=4482615.0)",gridcell_494
"BoundingBox(left=-13131466.0, bottom=4455615.0, right=-13117966.0, top=4469115.0)",gridcell_528
"BoundingBox(left=-13117966.0, bottom=4455615.0, right=-13104466.0, top=4469115.0)",gridcell_529
"BoundingBox(left=-13104466.0, bottom=4455615.0, right=-13090966.0, top=4469115.0)",gridcell_530
"BoundingBox(left=-13090966.0, bottom=4455615.0, right=-13077466.0, top=4469115.0)",gridcell_531
"BoundingBox(left=-13077466.0, bottom=4455615.0, right=-13063966.0, top=4469115.0)",gridcell_532
"BoundingBox(left=-13063966.0, bottom=4455615.0, right=-13050466.0, top=4469115.0)",gridcell_533
"BoundingBox(left=-13050466.0, bottom=4455615.0, right=-13036966.0, top=4469115.0)",gridcell_534
"BoundingBox(left=-13036966.0, bottom=4455615.0, right=-13023466.0, top=4469115.0)",gridcell_535
"BoundingBox(left=-13023466.0, bottom=4455615.0, right=-13009966.0, top=4469115.0)",gridcell_536
"BoundingBox(left=-13009966.0, bottom=4455615.0, right=-12996466.0, top=4469115.0)",gridcell_537
"BoundingBox(left=-12996466.0, bottom=4455615.0, right=-12982966.0, top=4469115.0)",gridcell_538
"BoundingBox(left=-12982966.0, bottom=4455615.0, right=-12969466.0, top=4469115.0)",gridcell_539
"BoundingBox(left=-12969466.0, bottom=4455615.0, right=-12955966.0, top=4469115.0)",gridcell_540
"BoundingBox(left=-12955966.0, bottom=4455615.0, right=-12942466.0, top=4469115.0)",gridcell_541
"BoundingBox(left=-12942466.0, bottom=4455615.0, right=-12928966.0, top=4469115.0)",gridcell_542
"BoundingBox(left=-12928966.0, bottom=4455615.0, right=-12915466.0, top=4469115.0)",gridcell_543
"BoundingBox(left=-12915466.0, bottom=4455615.0, right=-12901966.0, top=4469115.0)",gridcell_544
"BoundingBox(left=-12901966.0, bottom=4455615.0, right=-12888466.0, top=4469115.0)",gridcell_545
"BoundingBox(left=-12888466.0, bottom=4455615.0, right=-12874966.0, top=4469115.0)",gridcell_546
"BoundingBox(left=-13117966.0, bottom=4442115.0, right=-13104466.0, top=4455615.0)",gridcell_581
"BoundingBox(left=-13104466.0, bottom=4442115.0, right=-13090966.0, top=4455615.0)",gridcell_582
"BoundingBox(left=-13090966.0, bottom=4442115.0, right=-13077466.0, top=4455615.0)",gridcell_583
"BoundingBox(left=-13077466.0, bottom=4442115.0, right=-13063966.0, top=4455615.0)",gridcell_584
"BoundingBox(left=-13063966.0, bottom=4442115.0, right=-13050466.0, top=4455615.0)",gridcell_585
"BoundingBox(left=-13050466.0, bottom=4442115.0, right=-13036966.0, top=4455615.0)",gridcell_586
"BoundingBox(left=-13036966.0, bottom=4442115.0, right=-13023466.0, top=4455615.0)",gridcell_587
"BoundingBox(left=-13023466.0, bottom=4442115.0, right=-13009966.0, top=4455615.0)",gridcell_588
"BoundingBox(left=-13009966.0, bottom=4442115.0, right=-12996466.0, top=4455615.0)",gridcell_589
"BoundingBox(left=-12996466.0, bottom=4442115.0, right=-12982966.0, top=4455615.0)",gridcell_590
"BoundingBox(left=-12982966.0, bottom=4442115.0, right=-12969466.0, top=4455615.0)",gridcell_591
"BoundingBox(left=-12969466.0, bottom=4442115.0, right=-12955966.0, top=4455615.0)",gridcell_592
"BoundingBox(left=-12955966.0, bottom=4442115.0, right=-12942466.0, top=4455615.0)",gridcell_593
"BoundingBox(left=-12942466.0, bottom=4442115.0, right=-12928966.0, top=4455615.0)",gridcell_594
"BoundingBox(left=-12928966.0, bottom=4442115.0, right=-12915466.0, top=4455615.0)",gridcell_595
"BoundingBox(left=-12915466.0, bottom=4442115.0, right=-12901966.0, top=4455615.0)",gridcell_596
"BoundingBox(left=-12901966.0, bottom=4442115.0, right=-12888466.0, top=4455615.0)",gridcell_597
"BoundingBox(left=-12888466.0, bottom=4442115.0, right=-12874966.0, top=4455615.0)",gridcell_598
"BoundingBox(left=-12874966.0, bottom=4442115.0, right=-12861466.0, top=4455615.0)",gridcell_599
"BoundingBox(left=-12861466.0, bottom=4442115.0, right=-12847966.0, top=4455615.0)",gridcell_600
"BoundingBox(left=-12847966.0, bottom=4442115.0, right=-12834466.0, top=4455615.0)",gridcell_601
"BoundingBox(left=-12834466.0, bottom=4442115.0, right=-12820966.0, top=4455615.0)",gridcell_602
"BoundingBox(left=-12820966.0, bottom=4442115.0, right=-12807466.0, top=4455615.0)",gridcell_603
"BoundingBox(left=-12807466.0, bottom=4442115.0, right=-12793966.0, top=4455615.0)",gridcell_604
"BoundingBox(left=-12793966.0, bottom=4442115.0, right=-12780466.0, top=4455615.0)",gridcell_605
"BoundingBox(left=-13104466.0, bottom=4428615.0, right=-13090966.0, top=4442115.0)",gridcell_634
"BoundingBox(left=-13090966.0, bottom=4428615.0, right=-13077466.0, top=4442115.0)",gridcell_635
"BoundingBox(left=-13077466.0, bottom=4428615.0, right=-13063966.0, top=4442115.0)",gridcell_636
"BoundingBox(left=-13063966.0, bottom=4428615.0, right=-13050466.0, top=4442115.0)",gridcell_637
"BoundingBox(left=-13050466.0, bottom=4428615.0, right=-13036966.0, top=4442115.0)",gridcell_638
"BoundingBox(left=-13036966.0, bottom=4428615.0, right=-13023466.0, top=4442115.0)",gridcell_639
"BoundingBox(left=-13023466.0, bottom=4428615.0, right=-13009966.0, top=4442115.0)",gridcell_640
"BoundingBox(left=-13009966.0, bottom=4428615.0, right=-12996466.0, top=4442115.0)",gridcell_641
"BoundingBox(left=-12996466.0, bottom=4428615.0, right=-12982966.0, top=4442115.0)",gridcell_642
"BoundingBox(left=-12982966.0, bottom=4428615.0, right=-12969466.0, top=4442115.0)",gridcell_643
"BoundingBox(left=-12969466.0, bottom=4428615.0, right=-12955966.0, top=4442115.0)",gridcell_644
"BoundingBox(left=-12955966.0, bottom=4428615.0, right=-12942466.0, top=4442115.0)",gridcell_645
"BoundingBox(left=-12942466.0, bottom=4428615.0, right=-12928966.0, top=4442115.0)",gridcell_646
"BoundingBox(left=-12928966.0, bottom=4428615.0, right=-12915466.0, top=4442115.0)",gridcell_647
"BoundingBox(left=-12915466.0, bottom=4428615.0, right=-12901966.0, top=4442115.0)",gridcell_648
"BoundingBox(left=-12901966.0, bottom=4428615.0, right=-12888466.0, top=4442115.0)",gridcell_649
"BoundingBox(left=-12888466.0, bottom=4428615.0, right=-12874966.0, top=4442115.0)",gridcell_650
"BoundingBox(left=-12874966.0, bottom=4428615.0, right=-12861466.0, top=4442115.0)",gridcell_651
"BoundingBox(left=-12861466.0, bottom=4428615.0, right=-12847966.0, top=4442115.0)",gridcell_652
"BoundingBox(left=-12847966.0, bottom=4428615.0, right=-12834466.0, top=4442115.0)",gridcell_653
"BoundingBox(left=-12834466.0, bottom=4428615.0, right=-12820966.0, top=4442115.0)",gridcell_654
"BoundingBox(left=-12820966.0, bottom=4428615.0, right=-12807466.0, top=4442115.0)",gridcell_655
"BoundingBox(left=-12807466.0, bottom=4428615.0, right=-12793966.0, top=4442115.0)",gridcell_656
"BoundingBox(left=-12793966.0, bottom=4428615.0, right=-12780466.0, top=4442115.0)",gridcell_657
"BoundingBox(left=-12780466.0, bottom=4428615.0, right=-12766966.0, top=4442115.0)",gridcell_658
"BoundingBox(left=-13090966.0, bottom=4415115.0, right=-13077466.0, top=4428615.0)",gridcell_687
"BoundingBox(left=-13077466.0, bottom=4415115.0, right=-13063966.0, top=4428615.0)",gridcell_688
"BoundingBox(left=-13063966.0, bottom=4415115.0, right=-13050466.0, top=4428615.0)",gridcell_689
"BoundingBox(left=-13050466.0, bottom=4415115.0, right=-13036966.0, top=4428615.0)",gridcell_690
"BoundingBox(left=-13036966.0, bottom=4415115.0, right=-13023466.0, top=4428615.0)",gridcell_691
"BoundingBox(left=-13023466.0, bottom=4415115.0, right=-13009966.0, top=4428615.0)",gridcell_692
"BoundingBox(left=-13009966.0, bottom=4415115.0, right=-12996466.0, top=4428615.0)",gridcell_693
"BoundingBox(left=-12996466.0, bottom=4415115.0, right=-12982966.0, top=4428615.0)",gridcell_694
"BoundingBox(left=-12982966.0, bottom=4415115.0, right=-12969466.0, top=4428615.0)",gridcell_695
"BoundingBox(left=-12969466.0, bottom=4415115.0, right=-12955966.0, top=4428615.0)",gridcell_696
"BoundingBox(left=-12955966.0, bottom=4415115.0, right=-12942466.0, top=4428615.0)",gridcell_697
"BoundingBox(left=-12942466.0, bottom=4415115.0, right=-12928966.0, top=4428615.0)",gridcell_698
"BoundingBox(left=-12928966.0, bottom=4415115.0, right=-12915466.0, top=4428615.0)",gridcell_699
"BoundingBox(left=-12915466.0, bottom=4415115.0, right=-12901966.0, top=4428615.0)",gridcell_700
"BoundingBox(left=-12901966.0, bottom=4415115.0, right=-12888466.0, top=4428615.0)",gridcell_701
"BoundingBox(left=-12888466.0, bottom=4415115.0, right=-12874966.0, top=4428615.0)",gridcell_702
"BoundingBox(left=-12874966.0, bottom=4415115.0, right=-12861466.0, top=4428615.0)",gridcell_703
"BoundingBox(left=-12861466.0, bottom=4415115.0, right=-12847966.0, top=4428615.0)",gridcell_704
"BoundingBox(left=-12847966.0, bottom=4415115.0, right=-12834466.0, top=4428615.0)",gridcell_705
"BoundingBox(left=-12834466.0, bottom=4415115.0, right=-12820966.0, top=4428615.0)",gridcell_706
"BoundingBox(left=-12820966.0, bottom=4415115.0, right=-12807466.0, top=4428615.0)",gridcell_707
"BoundingBox(left=-12807466.0, bottom=4415115.0, right=-12793966.0, top=4428615.0)",gridcell_708
"BoundingBox(left=-12793966.0, bottom=4415115.0, right=-12780466.0, top=4428615.0)",gridcell_709
"BoundingBox(left=-12780466.0, bottom=4415115.0, right=-12766966.0, top=4428615.0)",gridcell_710
"BoundingBox(left=-13063966.0, bottom=4401615.0, right=-13050466.0, top=4415115.0)",gridcell_741
"BoundingBox(left=-13050466.0, bottom=4401615.0, right=-13036966.0, top=4415115.0)",gridcell_742
"BoundingBox(left=-13036966.0, bottom=4401615.0, right=-13023466.0, top=4415115.0)",gridcell_743
"BoundingBox(left=-13023466.0, bottom=4401615.0, right=-13009966.0, top=4415115.0)",gridcell_744
"BoundingBox(left=-13009966.0, bottom=4401615.0, right=-12996466.0, top=4415115.0)",gridcell_745
"BoundingBox(left=-12996466.0, bottom=4401615.0, right=-12982966.0, top=4415115.0)",gridcell_746
"BoundingBox(left=-12982966.0, bottom=4401615.0, right=-12969466.0, top=4415115.0)",gridcell_747
"BoundingBox(left=-12969466.0, bottom=4401615.0, right=-12955966.0, top=4415115.0)",gridcell_748
"BoundingBox(left=-12955966.0, bottom=4401615.0, right=-12942466.0, top=4415115.0)",gridcell_749
"BoundingBox(left=-12942466.0, bottom=4401615.0, right=-12928966.0, top=4415115.0)",gridcell_750
"BoundingBox(left=-12928966.0, bottom=4401615.0, right=-12915466.0, top=4415115.0)",gridcell_751
"BoundingBox(left=-12915466.0, bottom=4401615.0, right=-12901966.0, top=4415115.0)",gridcell_752
"BoundingBox(left=-12901966.0, bottom=4401615.0, right=-12888466.0, top=4415115.0)",gridcell_753
"BoundingBox(left=-12888466.0, bottom=4401615.0, right=-12874966.0, top=4415115.0)",gridcell_754
"BoundingBox(left=-12874966.0, bottom=4401615.0, right=-12861466.0, top=4415115.0)",gridcell_755
"BoundingBox(left=-12861466.0, bottom=4401615.0, right=-12847966.0, top=4415115.0)",gridcell_756
"BoundingBox(left=-12847966.0, bottom=4401615.0, right=-12834466.0, top=4415115.0)",gridcell_757
"BoundingBox(left=-12834466.0, bottom=4401615.0, right=-12820966.0, top=4415115.0)",gridcell_758
"BoundingBox(left=-12820966.0, bottom=4401615.0, right=-12807466.0, top=4415115.0)",gridcell_759
"BoundingBox(left=-12807466.0, bottom=4401615.0, right=-12793966.0, top=4415115.0)",gridcell_760
"BoundingBox(left=-12793966.0, bottom=4401615.0, right=-12780466.0, top=4415115.0)",gridcell_761
"BoundingBox(left=-12780466.0, bottom=4401615.0, right=-12766966.0, top=4415115.0)",gridcell_762
"BoundingBox(left=-13063966.0, bottom=4388115.0, right=-13050466.0, top=4401615.0)",gridcell_793
"BoundingBox(left=-13050466.0, bottom=4388115.0, right=-13036966.0, top=4401615.0)",gridcell_794
"BoundingBox(left=-13036966.0, bottom=4388115.0, right=-13023466.0, top=4401615.0)",gridcell_795
"BoundingBox(left=-13023466.0, bottom=4388115.0, right=-13009966.0, top=4401615.0)",gridcell_796
"BoundingBox(left=-13009966.0, bottom=4388115.0, right=-12996466.0, top=4401615.0)",gridcell_797
"BoundingBox(left=-12996466.0, bottom=4388115.0, right=-12982966.0, top=4401615.0)",gridcell_798
"BoundingBox(left=-12982966.0, bottom=4388115.0, right=-12969466.0, top=4401615.0)",gridcell_799
"BoundingBox(left=-12969466.0, bottom=4388115.0, right=-12955966.0, top=4401615.0)",gridcell_800
"BoundingBox(left=-12955966.0, bottom=4388115.0, right=-12942466.0, top=4401615.0)",gridcell_801
"BoundingBox(left=-12942466.0, bottom=4388115.0, right=-12928966.0, top=4401615.0)",gridcell_802
"BoundingBox(left=-12928966.0, bottom=4388115.0, right=-12915466.0, top=4401615.0)",gridcell_803
"BoundingBox(left=-12915466.0, bottom=4388115.0, right=-12901966.0, top=4401615.0)",gridcell_804
"BoundingBox(left=-12901966.0, bottom=4388115.0, right=-12888466.0, top=4401615.0)",gridcell_805
"BoundingBox(left=-12888466.0, bottom=4388115.0, right=-12874966.0, top=4401615.0)",gridcell_806
"BoundingBox(left=-12874966.0, bottom=4388115.0, right=-12861466.0, top=4401615.0)",gridcell_807
"BoundingBox(left=-12861466.0, bottom=4388115.0, right=-12847966.0, top=4401615.0)",gridcell_808
"BoundingBox(left=-12847966.0, bottom=4388115.0, right=-12834466.0, top=4401615.0)",gridcell_809
"BoundingBox(left=-12834466.0, bottom=4388115.0, right=-12820966.0, top=4401615.0)",gridcell_810
"BoundingBox(left=-12820966.0, bottom=4388115.0, right=-12807466.0, top=4401615.0)",gridcell_811
"BoundingBox(left=-12807466.0, bottom=4388115.0, right=-12793966.0, top=4401615.0)",gridcell_812
"BoundingBox(left=-12793966.0, bottom=4388115.0, right=-12780466.0, top=4401615.0)",gridcell_813
"BoundingBox(left=-12780466.0, bottom=4388115.0, right=-12766966.0, top=4401615.0)",gridcell_814
"BoundingBox(left=-13050466.0, bottom=4374615.0, right=-13036966.0, top=4388115.0)",gridcell_846
"BoundingBox(left=-13036966.0, bottom=4374615.0, right=-13023466.0, top=4388115.0)",gridcell_847
"BoundingBox(left=-13023466.0, bottom=4374615.0, right=-13009966.0, top=4388115.0)",gridcell_848
"BoundingBox(left=-13009966.0, bottom=4374615.0, right=-12996466.0, top=4388115.0)",gridcell_849
"BoundingBox(left=-12996466.0, bottom=4374615.0, right=-12982966.0, top=4388115.0)",gridcell_850
"BoundingBox(left=-12982966.0, bottom=4374615.0, right=-12969466.0, top=4388115.0)",gridcell_851
"BoundingBox(left=-12969466.0, bottom=4374615.0, right=-12955966.0, top=4388115.0)",gridcell_852
"BoundingBox(left=-12955966.0, bottom=4374615.0, right=-12942466.0, top=4388115.0)",gridcell_853
"BoundingBox(left=-12942466.0, bottom=4374615.0, right=-12928966.0, top=4388115.0)",gridcell_854
"BoundingBox(left=-12928966.0, bottom=4374615.0, right=-12915466.0, top=4388115.0)",gridcell_855
"BoundingBox(left=-12915466.0, bottom=4374615.0, right=-12901966.0, top=4388115.0)",gridcell_856
"BoundingBox(left=-12901966.0, bottom=4374615.0, right=-12888466.0, top=4388115.0)",gridcell_857
"BoundingBox(left=-12888466.0, bottom=4374615.0, right=-12874966.0, top=4388115.0)",gridcell_858
"BoundingBox(left=-12874966.0, bottom=4374615.0, right=-12861466.0, top=4388115.0)",gridcell_859
"BoundingBox(left=-12861466.0, bottom=4374615.0, right=-12847966.0, top=4388115.0)",gridcell_860
"BoundingBox(left=-12847966.0, bottom=4374615.0, right=-12834466.0, top=4388115.0)",gridcell_861
"BoundingBox(left=-12834466.0, bottom=4374615.0, right=-12820966.0, top=4388115.0)",gridcell_862
"BoundingBox(left=-12820966.0, bottom=4374615.0, right=-12807466.0, top=4388115.0)",gridcell_863
"BoundingBox(left=-12807466.0, bottom=4374615.0, right=-12793966.0, top=4388115.0)",gridcell_864
"BoundingBox(left=-12793966.0, bottom=4374615.0, right=-12780466.0, top=4388115.0)",gridcell_865
"BoundingBox(left=-12780466.0, bottom=4374615.0, right=-12766966.0, top=4388115.0)",gridcell_866
"BoundingBox(left=-13036966.0, bottom=4361115.0, right=-13023466.0, top=4374615.0)",gridcell_899
"BoundingBox(left=-13023466.0, bottom=4361115.0, right=-13009966.0, top=4374615.0)",gridcell_900
"BoundingBox(left=-13009966.0, bottom=4361115.0, right=-12996466.0, top=4374615.0)",gridcell_901
"BoundingBox(left=-12996466.0, bottom=4361115.0, right=-12982966.0, top=4374615.0)",gridcell_902
"BoundingBox(left=-12982966.0, bottom=4361115.0, right=-12969466.0, top=4374615.0)",gridcell_903
"BoundingBox(left=-12969466.0, bottom=4361115.0, right=-12955966.0, top=4374615.0)",gridcell_904
"BoundingBox(left=-12955966.0, bottom=4361115.0, right=-12942466.0, top=4374615.0)",gridcell_905
"BoundingBox(left=-12942466.0, bottom=4361115.0, right=-12928966.0, top=4374615.0)",gridcell_906
"BoundingBox(left=-12928966.0, bottom=4361115.0, right=-12915466.0, top=4374615.0)",gridcell_907
"BoundingBox(left=-12915466.0, bottom=4361115.0, right=-12901966.0, top=4374615.0)",gridcell_908
"BoundingBox(left=-12901966.0, bottom=4361115.0, right=-12888466.0, top=4374615.0)",gridcell_909
"BoundingBox(left=-12888466.0, bottom=4361115.0, right=-12874966.0, top=4374615.0)",gridcell_910
"BoundingBox(left=-12874966.0, bottom=4361115.0, right=-12861466.0, top=4374615.0)",gridcell_911
"BoundingBox(left=-12861466.0, bottom=4361115.0, right=-12847966.0, top=4374615.0)",gridcell_912
"BoundingBox(left=-12847966.0, bottom=4361115.0, right=-12834466.0, top=4374615.0)",gridcell_913
"BoundingBox(left=-12834466.0, bottom=4361115.0, right=-12820966.0, top=4374615.0)",gridcell_914
"BoundingBox(left=-12820966.0, bottom=4361115.0, right=-12807466.0, top=4374615.0)",gridcell_915
"BoundingBox(left=-12807466.0, bottom=4361115.0, right=-12793966.0, top=4374615.0)",gridcell_916
"BoundingBox(left=-12793966.0, bottom=4361115.0, right=-12780466.0, top=4374615.0)",gridcell_917
"BoundingBox(left=-12780466.0, bottom=4361115.0, right=-12766966.0, top=4374615.0)",gridcell_918
"BoundingBox(left=-13009966.0, bottom=4347615.0, right=-12996466.0, top=4361115.0)",gridcell_953
"BoundingBox(left=-12996466.0, bottom=4347615.0, right=-12982966.0, top=4361115.0)",gridcell_954
"BoundingBox(left=-12982966.0, bottom=4347615.0, right=-12969466.0, top=4361115.0)",gridcell_955
"BoundingBox(left=-12969466.0, bottom=4347615.0, right=-12955966.0, top=4361115.0)",gridcell_956
"BoundingBox(left=-12955966.0, bottom=4347615.0, right=-12942466.0, top=4361115.0)",gridcell_957
"BoundingBox(left=-12942466.0, bottom=4347615.0, right=-12928966.0, top=4361115.0)",gridcell_958
"BoundingBox(left=-12928966.0, bottom=4347615.0, right=-12915466.0, top=4361115.0)",gridcell_959
"BoundingBox(left=-12915466.0, bottom=4347615.0, right=-12901966.0, top=4361115.0)",gridcell_960
"BoundingBox(left=-12901966.0, bottom=4347615.0, right=-12888466.0, top=4361115.0)",gridcell_961
"BoundingBox(left=-12888466.0, bottom=4347615.0, right=-12874966.0, top=4361115.0)",gridcell_962
"BoundingBox(left=-12874966.0, bottom=4347615.0, right=-12861466.0, top=4361115.0)",gridcell_963
"BoundingBox(left=-12861466.0, bottom=4347615.0, right=-12847966.0, top=4361115.0)",gridcell_964
"BoundingBox(left=-12847966.0, bottom=4347615.0, right=-12834466.0, top=4361115.0)",gridcell_965
"BoundingBox(left=-12834466.0, bottom=4347615.0, right=-12820966.0, top=4361115.0)",gridcell_966
"BoundingBox(left=-12820966.0, bottom=4347615.0, right=-12807466.0, top=4361115.0)",gridcell_967
"BoundingBox(left=-12807466.0, bottom=4347615.0, right=-12793966.0, top=4361115.0)",gridcell_968
"BoundingBox(left=-12793966.0, bottom=4347615.0, right=-12780466.0, top=4361115.0)",gridcell_969
"BoundingBox(left=-12780466.0, bottom=4347615.0, right=-12766966.0, top=4361115.0)",gridcell_970
"BoundingBox(left=-12996466.0, bottom=4334115.0, right=-12982966.0, top=4347615.0)",gridcell_1006
"BoundingBox(left=-12982966.0, bottom=4334115.0, right=-12969466.0, top=4347615.0)",gridcell_1007
"BoundingBox(left=-12969466.0, bottom=4334115.0, right=-12955966.0, top=4347615.0)",gridcell_1008
"BoundingBox(left=-12955966.0, bottom=4334115.0, right=-12942466.0, top=4347615.0)",gridcell_1009
"BoundingBox(left=-12942466.0, bottom=4334115.0, right=-12928966.0, top=4347615.0)",gridcell_1010
"BoundingBox(left=-12928966.0, bottom=4334115.0, right=-12915466.0, top=4347615.0)",gridcell_1011
"BoundingBox(left=-12915466.0, bottom=4334115.0, right=-12901966.0, top=4347615.0)",gridcell_1012
"BoundingBox(left=-12901966.0, bottom=4334115.0, right=-12888466.0, top=4347615.0)",gridcell_1013
"BoundingBox(left=-12888466.0, bottom=4334115.0, right=-12874966.0, top=4347615.0)",gridcell_1014
"BoundingBox(left=-12874966.0, bottom=4334115.0, right=-12861466.0, top=4347615.0)",gridcell_1015
"BoundingBox(left=-12861466.0, bottom=4334115.0, right=-12847966.0, top=4347615.0)",gridcell_1016
"BoundingBox(left=-12847966.0, bottom=4334115.0, right=-12834466.0, top=4347615.0)",gridcell_1017
"BoundingBox(left=-12834466.0, bottom=4334115.0, right=-12820966.0, top=4347615.0)",gridcell_1018
"BoundingBox(left=-12820966.0, bottom=4334115.0, right=-12807466.0, top=4347615.0)",gridcell_1019
"BoundingBox(left=-12807466.0, bottom=4334115.0, right=-12793966.0, top=4347615.0)",gridcell_1020
"BoundingBox(left=-12793966.0, bottom=4334115.0, right=-12780466.0, top=4347615.0)",gridcell_1021
"BoundingBox(left=-12780466.0, bottom=4334115.0, right=-12766966.0, top=4347615.0)",gridcell_1022
"BoundingBox(left=-12982966.0, bottom=4320615.0, right=-12969466.0, top=4334115.0)",gridcell_1059
"BoundingBox(left=-12969466.0, bottom=4320615.0, right=-12955966.0, top=4334115.0)",gridcell_1060
"BoundingBox(left=-12955966.0, bottom=4320615.0, right=-12942466.0, top=4334115.0)",gridcell_1061
"BoundingBox(left=-12942466.0, bottom=4320615.0, right=-12928966.0, top=4334115.0)",gridcell_1062
"BoundingBox(left=-12928966.0, bottom=4320615.0, right=-12915466.0, top=4334115.0)",gridcell_1063
"BoundingBox(left=-12915466.0, bottom=4320615.0, right=-12901966.0, top=4334115.0)",gridcell_1064
"BoundingBox(left=-12901966.0, bottom=4320615.0, right=-12888466.0, top=4334115.0)",gridcell_1065
"BoundingBox(left=-12888466.0, bottom=4320615.0, right=-12874966.0, top=4334115.0)",gridcell_1066
"BoundingBox(left=-12874966.0, bottom=4320615.0, right=-12861466.0, top=4334115.0)",gridcell_1067
"BoundingBox(left=-12861466.0, bottom=4320615.0, right=-12847966.0, top=4334115.0)",gridcell_1068
"BoundingBox(left=-12847966.0, bottom=4320615.0, right=-12834466.0, top=4334115.0)",gridcell_1069
"BoundingBox(left=-12834466.0, bottom=4320615.0, right=-12820966.0, top=4334115.0)",gridcell_1070
"BoundingBox(left=-12820966.0, bottom=4320615.0, right=-12807466.0, top=4334115.0)",gridcell_1071
"BoundingBox(left=-12807466.0, bottom=4320615.0, right=-12793966.0, top=4334115.0)",gridcell_1072
"BoundingBox(left=-12793966.0, bottom=4320615.0, right=-12780466.0, top=4334115.0)",gridcell_1073
"BoundingBox(left=-12780466.0, bottom=4320615.0, right=-12766966.0, top=4334115.0)",gridcell_1074
"BoundingBox(left=-12969466.0, bottom=4307115.0, right=-12955966.0, top=4320615.0)",gridcell_1112
"BoundingBox(left=-12955966.0, bottom=4307115.0, right=-12942466.0, top=4320615.0)",gridcell_1113
"BoundingBox(left=-12942466.0, bottom=4307115.0, right=-12928966.0, top=4320615.0)",gridcell_1114
"BoundingBox(left=-12928966.0, bottom=4307115.0, right=-12915466.0, top=4320615.0)",gridcell_1115
"BoundingBox(left=-12915466.0, bottom=4307115.0, right=-12901966.0, top=4320615.0)",gridcell_1116
"BoundingBox(left=-12901966.0, bottom=4307115.0, right=-12888466.0, top=4320615.0)",gridcell_1117
"BoundingBox(left=-12888466.0, bottom=4307115.0, right=-12874966.0, top=4320615.0)",gridcell_1118
"BoundingBox(left=-12874966.0, bottom=4307115.0, right=-12861466.0, top=4320615.0)",gridcell_1119
"BoundingBox(left=-12861466.0, bottom=4307115.0, right=-12847966.0, top=4320615.0)",gridcell_1120
"BoundingBox(left=-12847966.0, bottom=4307115.0, right=-12834466.0, top=4320615.0)",gridcell_1121
"BoundingBox(left=-12834466.0, bottom=4307115.0, right=-12820966.0, top=4320615.0)",gridcell_1122
"BoundingBox(left=-12820966.0, bottom=4307115.0, right=-12807466.0, top=4320615.0)",gridcell_1123
"BoundingBox(left=-12807466.0, bottom=4307115.0, right=-12793966.0, top=4320615.0)",gridcell_1124
"BoundingBox(left=-12793966.0, bottom=4307115.0, right=-12780466.0, top=4320615.0)",gridcell_1125
"BoundingBox(left=-12780466.0, bottom=4307115.0, right=-12766966.0, top=4320615.0)",gridcell_1126
"BoundingBox(left=-12766966.0, bottom=4307115.0, right=-12753466.0, top=4320615.0)",gridcell_1127
"BoundingBox(left=-12753466.0, bottom=4307115.0, right=-12739966.0, top=4320615.0)",gridcell_1128
"BoundingBox(left=-12955966.0, bottom=4293615.0, right=-12942466.0, top=4307115.0)",gridcell_1165
"BoundingBox(left=-12942466.0, bottom=4293615.0, right=-12928966.0, top=4307115.0)",gridcell_1166
"BoundingBox(left=-12928966.0, bottom=4293615.0, right=-12915466.0, top=4307115.0)",gridcell_1167
"BoundingBox(left=-12915466.0, bottom=4293615.0, right=-12901966.0, top=4307115.0)",gridcell_1168
"BoundingBox(left=-12901966.0, bottom=4293615.0, right=-12888466.0, top=4307115.0)",gridcell_1169
"BoundingBox(left=-12888466.0, bottom=4293615.0, right=-12874966.0, top=4307115.0)",gridcell_1170
"BoundingBox(left=-12874966.0, bottom=4293615.0, right=-12861466.0, top=4307115.0)",gridcell_1171
"BoundingBox(left=-12861466.0, bottom=4293615.0, right=-12847966.0, top=4307115.0)",gridcell_1172
"BoundingBox(left=-12847966.0, bottom=4293615.0, right=-12834466.0, top=4307115.0)",gridcell_1173
"BoundingBox(left=-12834466.0, bottom=4293615.0, right=-12820966.0, top=4307115.0)",gridcell_1174
"BoundingBox(left=-12820966.0, bottom=4293615.0, right=-12807466.0, top=4307115.0)",gridcell_1175
"BoundingBox(left=-12807466.0, bottom=4293615.0, right=-12793966.0, top=4307115.0)",gridcell_1176
"BoundingBox(left=-12793966.0, bottom=4293615.0, right=-12780466.0, top=4307115.0)",gridcell_1177
"BoundingBox(left=-12780466.0, bottom=4293615.0, right=-12766966.0, top=4307115.0)",gridcell_1178
"BoundingBox(left=-12766966.0, bottom=4293615.0, right=-12753466.0, top=4307115.0)",gridcell_1179
"BoundingBox(left=-12753466.0, bottom=4293615.0, right=-12739966.0, top=4307115.0)",gridcell_1180
"BoundingBox(left=-12942466.0, bottom=4280115.0, right=-12928966.0, top=4293615.0)",gridcell_1218
"BoundingBox(left=-12928966.0, bottom=4280115.0, right=-12915466.0, top=4293615.0)",gridcell_1219
"BoundingBox(left=-12915466.0, bottom=4280115.0, right=-12901966.0, top=4293615.0)",gridcell_1220
"BoundingBox(left=-12901966.0, bottom=4280115.0, right=-12888466.0, top=4293615.0)",gridcell_1221
"BoundingBox(left=-12888466.0, bottom=4280115.0, right=-12874966.0, top=4293615.0)",gridcell_1222
"BoundingBox(left=-12874966.0, bottom=4280115.0, right=-12861466.0, top=4293615.0)",gridcell_1223
"BoundingBox(left=-12861466.0, bottom=4280115.0, right=-12847966.0, top=4293615.0)",gridcell_1224
"BoundingBox(left=-12847966.0, bottom=4280115.0, right=-12834466.0, top=4293615.0)",gridcell_1225
"BoundingBox(left=-12834466.0, bottom=4280115.0, right=-12820966.0, top=4293615.0)",gridcell_1226
"BoundingBox(left=-12820966.0, bottom=4280115.0, right=-12807466.0, top=4293615.0)",gridcell_1227
"BoundingBox(left=-12807466.0, bottom=4280115.0, right=-12793966.0, top=4293615.0)",gridcell_1228
"BoundingBox(left=-12793966.0, bottom=4280115.0, right=-12780466.0, top=4293615.0)",gridcell_1229
"BoundingBox(left=-12780466.0, bottom=4280115.0, right=-12766966.0, top=4293615.0)",gridcell_1230
"BoundingBox(left=-12766966.0, bottom=4280115.0, right=-12753466.0, top=4293615.0)",gridcell_1231
"BoundingBox(left=-12753466.0, bottom=4280115.0, right=-12739966.0, top=4293615.0)",gridcell_1232
"BoundingBox(left=-12739966.0, bottom=4280115.0, right=-12726466.0, top=4293615.0)",gridcell_1233
"BoundingBox(left=-12928966.0, bottom=4266615.0, right=-12915466.0, top=4280115.0)",gridcell_1271
"BoundingBox(left=-12915466.0, bottom=4266615.0, right=-12901966.0, top=4280115.0)",gridcell_1272
"BoundingBox(left=-12901966.0, bottom=4266615.0, right=-12888466.0, top=4280115.0)",gridcell_1273
"BoundingBox(left=-12888466.0, bottom=4266615.0, right=-12874966.0, top=4280115.0)",gridcell_1274
"BoundingBox(left=-12874966.0, bottom=4266615.0, right=-12861466.0, top=4280115.0)",gridcell_1275
"BoundingBox(left=-12861466.0, bottom=4266615.0, right=-12847966.0, top=4280115.0)",gridcell_1276
"BoundingBox(left=-12847966.0, bottom=4266615.0, right=-12834466.0, top=4280115.0)",gridcell_1277
"BoundingBox(left=-12834466.0, bottom=4266615.0, right=-12820966.0, top=4280115.0)",gridcell_1278
"BoundingBox(left=-12820966.0, bottom=4266615.0, right=-12807466.0, top=4280115.0)",gridcell_1279
"BoundingBox(left=-12807466.0, bottom=4266615.0, right=-12793966.0, top=4280115.0)",gridcell_1280
"BoundingBox(left=-12793966.0, bottom=4266615.0, right=-12780466.0, top=4280115.0)",gridcell_1281
"BoundingBox(left=-12780466.0, bottom=4266615.0, right=-12766966.0, top=4280115.0)",gridcell_1282
"BoundingBox(left=-12766966.0, bottom=4266615.0, right=-12753466.0, top=4280115.0)",gridcell_1283
"BoundingBox(left=-12753466.0, bottom=4266615.0, right=-12739966.0, top=4280115.0)",gridcell_1284
"BoundingBox(left=-12739966.0, bottom=4266615.0, right=-12726466.0, top=4280115.0)",gridcell_1285
"BoundingBox(left=-12915466.0, bottom=4253115.0, right=-12901966.0, top=4266615.0)",gridcell_1324
"BoundingBox(left=-12901966.0, bottom=4253115.0, right=-12888466.0, top=4266615.0)",gridcell_1325
"BoundingBox(left=-12888466.0, bottom=4253115.0, right=-12874966.0, top=4266615.0)",gridcell_1326
"BoundingBox(left=-12874966.0, bottom=4253115.0, right=-12861466.0, top=4266615.0)",gridcell_1327
"BoundingBox(left=-12861466.0, bottom=4253115.0, right=-12847966.0, top=4266615.0)",gridcell_1328
"BoundingBox(left=-12847966.0, bottom=4253115.0, right=-12834466.0, top=4266615.0)",gridcell_1329
"BoundingBox(left=-12834466.0, bottom=4253115.0, right=-12820966.0, top=4266615.0)",gridcell_1330
"BoundingBox(left=-12820966.0, bottom=4253115.0, right=-12807466.0, top=4266615.0)",gridcell_1331
"BoundingBox(left=-12807466.0, bottom=4253115.0, right=-12793966.0, top=4266615.0)",gridcell_1332
"BoundingBox(left=-12793966.0, bottom=4253115.0, right=-12780466.0, top=4266615.0)",gridcell_1333
"BoundingBox(left=-12780466.0, bottom=4253115.0, right=-12766966.0, top=4266615.0)",gridcell_1334
"BoundingBox(left=-12766966.0, bottom=4253115.0, right=-12753466.0, top=4266615.0)",gridcell_1335
"BoundingBox(left=-12753466.0, bottom=4253115.0, right=-12739966.0, top=4266615.0)",gridcell_1336
"BoundingBox(left=-12739966.0, bottom=4253115.0, right=-12726466.0, top=4266615.0)",gridcell_1337
"BoundingBox(left=-12901966.0, bottom=4239615.0, right=-12888466.0, top=4253115.0)",gridcell_1377
"BoundingBox(left=-12888466.0, bottom=4239615.0, right=-12874966.0, top=4253115.0)",gridcell_1378
"BoundingBox(left=-12874966.0, bottom=4239615.0, right=-12861466.0, top=4253115.0)",gridcell_1379
"BoundingBox(left=-12861466.0, bottom=4239615.0, right=-12847966.0, top=4253115.0)",gridcell_1380
"BoundingBox(left=-12847966.0, bottom=4239615.0, right=-12834466.0, top=4253115.0)",gridcell_1381
"BoundingBox(left=-12834466.0, bottom=4239615.0, right=-12820966.0, top=4253115.0)",gridcell_1382
"BoundingBox(left=-12820966.0, bottom=4239615.0, right=-12807466.0, top=4253115.0)",gridcell_1383
"BoundingBox(left=-12807466.0, bottom=4239615.0, right=-12793966.0, top=4253115.0)",gridcell_1384
"BoundingBox(left=-12793966.0, bottom=4239615.0, right=-12780466.0, top=4253115.0)",gridcell_1385
"BoundingBox(left=-12780466.0, bottom=4239615.0, right=-12766966.0, top=4253115.0)",gridcell_1386
"BoundingBox(left=-12766966.0, bottom=4239615.0, right=-12753466.0, top=4253115.0)",gridcell_1387
"BoundingBox(left=-12753466.0, bottom=4239615.0, right=-12739966.0, top=4253115.0)",gridcell_1388
"BoundingBox(left=-12739966.0, bottom=4239615.0, right=-12726466.0, top=4253115.0)",gridcell_1389
"BoundingBox(left=-12888466.0, bottom=4226115.0, right=-12874966.0, top=4239615.0)",gridcell_1430
"BoundingBox(left=-12874966.0, bottom=4226115.0, right=-12861466.0, top=4239615.0)",gridcell_1431
"BoundingBox(left=-12861466.0, bottom=4226115.0, right=-12847966.0, top=4239615.0)",gridcell_1432
"BoundingBox(left=-12847966.0, bottom=4226115.0, right=-12834466.0, top=4239615.0)",gridcell_1433
"BoundingBox(left=-12834466.0, bottom=4226115.0, right=-12820966.0, top=4239615.0)",gridcell_1434
"BoundingBox(left=-12820966.0, bottom=4226115.0, right=-12807466.0, top=4239615.0)",gridcell_1435
"BoundingBox(left=-12807466.0, bottom=4226115.0, right=-12793966.0, top=4239615.0)",gridcell_1436
"BoundingBox(left=-12793966.0, bottom=4226115.0, right=-12780466.0, top=4239615.0)",gridcell_1437
"BoundingBox(left=-12780466.0, bottom=4226115.0, right=-12766966.0, top=4239615.0)",gridcell_1438
"BoundingBox(left=-12766966.0, bottom=4226115.0, right=-12753466.0, top=4239615.0)",gridcell_1439
"BoundingBox(left=-12753466.0, bottom=4226115.0, right=-12739966.0, top=4239615.0)",gridcell_1440
"BoundingBox(left=-12739966.0, bottom=4226115.0, right=-12726466.0, top=4239615.0)",gridcell_1441
"BoundingBox(left=-12874966.0, bottom=4212615.0, right=-12861466.0, top=4226115.0)",gridcell_1483
"BoundingBox(left=-12861466.0, bottom=4212615.0, right=-12847966.0, top=4226115.0)",gridcell_1484
"BoundingBox(left=-12847966.0, bottom=4212615.0, right=-12834466.0, top=4226115.0)",gridcell_1485
"BoundingBox(left=-12834466.0, bottom=4212615.0, right=-12820966.0, top=4226115.0)",gridcell_1486
"BoundingBox(left=-12820966.0, bottom=4212615.0, right=-12807466.0, top=4226115.0)",gridcell_1487
"BoundingBox(left=-12807466.0, bottom=4212615.0, right=-12793966.0, top=4226115.0)",gridcell_1488
"BoundingBox(left=-12793966.0, bottom=4212615.0, right=-12780466.0, top=4226115.0)",gridcell_1489
"BoundingBox(left=-12780466.0, bottom=4212615.0, right=-12766966.0, top=4226115.0)",gridcell_1490
"BoundingBox(left=-12766966.0, bottom=4212615.0, right=-12753466.0, top=4226115.0)",gridcell_1491
"BoundingBox(left=-12753466.0, bottom=4212615.0, right=-12739966.0, top=4226115.0)",gridcell_1492
"BoundingBox(left=-12739966.0, bottom=4212615.0, right=-12726466.0, top=4226115.0)",gridcell_1493
"BoundingBox(left=-12861466.0, bottom=4199115.0, right=-12847966.0, top=4212615.0)",gridcell_1536
"BoundingBox(left=-12847966.0, bottom=4199115.0, right=-12834466.0, top=4212615.0)",gridcell_1537
"BoundingBox(left=-12834466.0, bottom=4199115.0, right=-12820966.0, top=4212615.0)",gridcell_1538
"BoundingBox(left=-12820966.0, bottom=4199115.0, right=-12807466.0, top=4212615.0)",gridcell_1539
"BoundingBox(left=-12807466.0, bottom=4199115.0, right=-12793966.0, top=4212615.0)",gridcell_1540
"BoundingBox(left=-12793966.0, bottom=4199115.0, right=-12780466.0, top=4212615.0)",gridcell_1541
"BoundingBox(left=-12780466.0, bottom=4199115.0, right=-12766966.0, top=4212615.0)",gridcell_1542
"BoundingBox(left=-12766966.0, bottom=4199115.0, right=-12753466.0, top=4212615.0)",gridcell_1543
"BoundingBox(left=-12753466.0, bottom=4199115.0, right=-12739966.0, top=4212615.0)",gridcell_1544
"BoundingBox(left=-12739966.0, bottom=4199115.0, right=-12726466.0, top=4212615.0)",gridcell_1545
"BoundingBox(left=-12847966.0, bottom=4185615.0, right=-12834466.0, top=4199115.0)",gridcell_1589
"BoundingBox(left=-12834466.0, bottom=4185615.0, right=-12820966.0, top=4199115.0)",gridcell_1590
"BoundingBox(left=-12820966.0, bottom=4185615.0, right=-12807466.0, top=4199115.0)",gridcell_1591
"BoundingBox(left=-12807466.0, bottom=4185615.0, right=-12793966.0, top=4199115.0)",gridcell_1592
"BoundingBox(left=-12793966.0, bottom=4185615.0, right=-12780466.0, top=4199115.0)",gridcell_1593
"BoundingBox(left=-12780466.0, bottom=4185615.0, right=-12766966.0, top=4199115.0)",gridcell_1594
"BoundingBox(left=-12766966.0, bottom=4185615.0, right=-12753466.0, top=4199115.0)",gridcell_1595
"BoundingBox(left=-12753466.0, bottom=4185615.0, right=-12739966.0, top=4199115.0)",gridcell_1596
"BoundingBox(left=-12739966.0, bottom=4185615.0, right=-12726466.0, top=4199115.0)",gridcell_1597
"BoundingBox(left=-12834466.0, bottom=4172115.0, right=-12820966.0, top=4185615.0)",gridcell_1642
"BoundingBox(left=-12820966.0, bottom=4172115.0, right=-12807466.0, top=4185615.0)",gridcell_1643
"BoundingBox(left=-12807466.0, bottom=4172115.0, right=-12793966.0, top=4185615.0)",gridcell_1644
"BoundingBox(left=-12793966.0, bottom=4172115.0, right=-12780466.0, top=4185615.0)",gridcell_1645
"BoundingBox(left=-12780466.0, bottom=4172115.0, right=-12766966.0, top=4185615.0)",gridcell_1646
"BoundingBox(left=-12766966.0, bottom=4172115.0, right=-12753466.0, top=4185615.0)",gridcell_1647
"BoundingBox(left=-12753466.0, bottom=4172115.0, right=-12739966.0, top=4185615.0)",gridcell_1648
"BoundingBox(left=-12739966.0, bottom=4172115.0, right=-12726466.0, top=4185615.0)",gridcell_1649
"BoundingBox(left=-12820966.0, bottom=4158615.0, right=-12807466.0, top=4172115.0)",gridcell_1695
"BoundingBox(left=-12807466.0, bottom=4158615.0, right=-12793966.0, top=4172115.0)",gridcell_1696
"BoundingBox(left=-12793966.0, bottom=4158615.0, right=-12780466.0, top=4172115.0)",gridcell_1697
"BoundingBox(left=-12780466.0, bottom=4158615.0, right=-12766966.0, top=4172115.0)",gridcell_1698
"BoundingBox(left=-12766966.0, bottom=4158615.0, right=-12753466.0, top=4172115.0)",gridcell_1699
"BoundingBox(left=-12753466.0, bottom=4158615.0, right=-12739966.0, top=4172115.0)",gridcell_1700
"BoundingBox(left=-12739966.0, bottom=4158615.0, right=-12726466.0, top=4172115.0)",gridcell_1701
"BoundingBox(left=-12793966.0, bottom=4145115.0, right=-12780466.0, top=4158615.0)",gridcell_1749
"BoundingBox(left=-12780466.0, bottom=4145115.0, right=-12766966.0, top=4158615.0)",gridcell_1750
"BoundingBox(left=-12766966.0, bottom=4145115.0, right=-12753466.0, top=4158615.0)",gridcell_1751
"BoundingBox(left=-12753466.0, bottom=4145115.0, right=-12739966.0, top=4158615.0)",gridcell_1752
"BoundingBox(left=-12739966.0, bottom=4145115.0, right=-12726466.0, top=4158615.0)",gridcell_1753
